"variable","mean","median","sd","mad","q5","q95","rhat","ess_bulk","ess_tail"
"lp__",-219.33389444,-218.912965,1.99029768708487,1.85985498299997,-223.1184575,-216.9306705,1.00769644628436,534.131044383398,532.318171850072
"mu[1]",-0.177467769252767,-0.162396715,0.140318702789453,0.124027444149,-0.4345874915,0.02551798815,1.00548347351179,987.466697909296,1024.46251011148
"mu[2]",0.696838106274158,0.450361495,0.734692591931485,0.495303012393,-0.009247786975,2.27547725,1.00454248056189,562.581460963904,735.93383379939
"sigma[1]",0.8321891715675,0.824467525,0.168301017184842,0.112042468986,0.6058034255,1.11656983,1.0156372869776,360.832599096729,350.18923376432
"sigma[2]",1.15287876065275,1.1417777,0.341873869099943,0.245420864073,0.562212525,1.7084804,1.01277413872938,483.203300537608,331.412290069344
"theta[1]",0.677069376314,0.72149848,0.221697956406057,0.228504197922,0.237007037,0.949378769,1.00283676188077,623.145630443572,547.283607810158
"theta[2]",0.3229306237047,0.27850152,0.221697956378676,0.228504197922,0.050621233,0.762992962999999,1.00283676188077,623.145630443572,547.283607810158
"log_lik[1]",-0.9637743354025,-0.966125975,0.0808710010507553,0.0722943558749999,-1.089209315,-0.834596758,1.00406073931839,1131.69796845011,783.532064486725
"log_lik[2]",-1.952006328825,-1.9397486,0.172839973383212,0.17452181271,-2.250696455,-1.688382985,1.00086410568476,2073.10765100433,2803.09422501866
"log_lik[3]",-1.14778788582,-1.1416336,0.101169641188044,0.0926710990799999,-1.318622705,-0.9920860355,1.00588347692203,719.959984485182,603.328811418202
"log_lik[4]",-1.01255167985,-1.01380915,0.0823147682714814,0.074267948517,-1.142007945,-0.8842730025,1.00440747350792,1021.5747200167,806.854981892836
"log_lik[5]",-1.27946588647,-1.2738233,0.105588294096088,0.0989224078499998,-1.458815625,-1.121163205,1.0026205700739,1284.32279000192,1254.17822934671
"log_lik[6]",-0.86337764123,-0.86706719,0.0812426765695372,0.077950445223,-0.9891226745,-0.7274789245,1.00217787696292,2253.14121334723,1580.40560166769
"log_lik[7]",-1.3086213404625,-1.30093555,0.108724273320901,0.10160865666,-1.49686607,-1.142540565,1.00484201499339,769.801891214232,777.538491652364
"log_lik[8]",-1.2905011587125,-1.2851293,0.106684040224281,0.10046749944,-1.4710236,-1.131161875,1.00251913953121,1308.97049221766,1271.18599038352
"log_lik[9]",-1.328213970525,-1.3216034,0.110155448903106,0.10490165952,-1.51609202,-1.16349923,1.00218455932441,1394.82156238953,1513.47716645029
"log_lik[10]",-3.279718904475,-3.2649774,0.298423507118259,0.29115024519,-3.799899765,-2.82463504,1.00079744698624,2478.05769230436,2466.64994444629
"log_lik[11]",-1.07610770063,-1.07556315,0.0860906595906215,0.0789547510499999,-1.216225245,-0.945996642,1.00433757849134,979.118583954059,922.521499805018
"log_lik[12]",-0.8607953411475,-0.864386465,0.0811388291798207,0.077837085627,-0.986867237,-0.724209662,1.00212837291526,2317.98061703507,1809.02238839807
"log_lik[13]",-2.9877631447,-2.9738514,0.262487200908737,0.25689595827,-3.445090695,-2.59182887,1.00050414720146,2747.2899131828,2763.30468144549
"log_lik[14]",-1.172170814165,-1.1689858,0.0938647278500676,0.0870118666199999,-1.326852685,-1.030335475,1.0036461075527,1086.8400023655,989.307505488761
"log_lik[15]",-0.977646949645,-0.97946981,0.0810388852099633,0.073042646334,-1.10374045,-0.8492256695,1.00419026529023,1093.61948214409,810.97226053382
"log_lik[16]",-1.30145901223,-1.29574455,0.107727717095683,0.10191733398,-1.48356267,-1.14047826,1.00240887418683,1333.62105890877,1382.26825994556
"log_lik[17]",-1.2543440014675,-1.249579,0.102910578008471,0.09656900274,-1.42774382,-1.099704925,1.00285692268342,1231.48140341767,1182.69405939905
"log_lik[18]",-0.947329931755,-0.949734905,0.0808342600475585,0.072945832554,-1.07183561,-0.8176946825,1.00387287356374,1192.54967315082,817.032415577496
"log_lik[19]",-1.15743606644,-1.155061,0.0923043102367501,0.08589991662,-1.31021207,-1.017028575,1.00380224235335,1061.12789968023,939.358100679022
"log_lik[20]",-0.8607252332375,-0.861265485,0.0819522198974371,0.08012607918,-0.994300201,-0.727227318,1.00255705491929,2259.35050370932,2670.64774136607
"log_lik[21]",-0.9054228090475,-0.90936773,0.0807029115722224,0.0736365684810001,-1.028421325,-0.774463845,1.00311411954996,1545.44972862392,975.760649241592
"log_lik[22]",-0.8935900786075,-0.897207615,0.0808720335826488,0.074386230345,-1.0171731,-0.7586630505,1.00285106516741,1678.17510757258,951.980944241552
"log_lik[23]",-2.3321683264,-2.3193787,0.206112687733587,0.206504978819999,-2.692798095,-2.020029725,1.00057179007688,2204.27309679422,2539.26215138962
"log_lik[24]",-5.2131557133,-5.13762785,0.799842633373072,0.796509132929999,-6.646080665,-4.04942291,1.00285081051135,998.978669236301,1825.30723913649
"log_lik[25]",-1.99256183825,-1.97902665,0.176659499191538,0.17805625698,-2.29717081,-1.723301415,1.00084310507246,2077.98302587226,2613.48588950112
"log_lik[26]",-0.9483780781125,-0.94428005,0.0891853508130639,0.083459223435,-1.0977498,-0.809864043,1.00505320380936,864.177860602659,983.35395924639
"log_lik[27]",-0.8610556439325,-0.86462517,0.081148486733596,0.0779562051239999,-0.9867546275,-0.7246601105,1.00213195565372,2311.99903271429,1762.00844717651
"log_lik[28]",-0.862641530495,-0.86655033,0.0812121658227227,0.078078912513,-0.988384103,-0.726670024,1.00215501070014,2281.72168793559,1756.92498279601
"log_lik[29]",-2.304085239825,-2.29130525,0.203807651637825,0.20565478185,-2.66110203,-1.995566645,1.000587792905,2189.39057772179,2523.06695840631
"log_lik[30]",-1.3739015305275,-1.36687095,0.11403273594674,0.1100637762,-1.571796515,-1.20180638,1.00188045516221,1503.1305825868,1678.17348170976
"log_lik[31]",-1.739474085525,-1.73011525,0.135612007445387,0.13503164976,-1.97985312,-1.53143286,1.00107078057062,1725.10418239505,2806.26123946407
"log_lik[32]",-0.883166491555,-0.88624616,0.0812147204376367,0.075578240745,-1.00769263,-0.74608324,1.00265525436487,1810.86594914958,1108.98754824736
"log_lik[33]",-0.9376263684625,-0.93346587,0.0883535598700482,0.082748902362,-1.0855705,-0.8003498015,1.004850013749,898.856825249872,1046.94254768745
"log_lik[34]",-0.8654562315625,-0.865114185,0.0823825467107585,0.080340811551,-1.000835715,-0.734123639,1.00276585227823,1975.02101415727,2410.1758207754
"log_lik[35]",-0.9143692035575,-0.91754797,0.0807156873568478,0.073221951978,-1.03907087,-0.7838909015,1.00332085189452,1443.32927703735,924.332791815022
"log_lik[36]",-0.8755933936525,-0.878967215,0.0814238372152611,0.076782008163,-1.000401255,-0.7394336265,1.00247357791326,1939.27609938487,1256.04908300981
"log_lik[37]",-1.273216941085,-1.26520455,0.106995821698623,0.10024918659,-1.45657187,-1.11086451,1.00514473824659,751.542923045316,765.347054136297
"log_lik[38]",-0.8686041358525,-0.872021945,0.0814139737663245,0.077454174525,-0.993785421,-0.7322318705,1.00228506530828,2099.16955483974,1283.76483185932
"log_lik[39]",-1.3218413955,-1.31522215,0.109588771755063,0.10434894624,-1.50770308,-1.15792533,1.00223898078036,1378.84996570789,1524.7125317479
"log_lik[40]",-0.8787798855625,-0.88202622,0.0813539581426457,0.076353818457,-1.003791015,-0.7410234535,1.00254876427675,1880.47085555157,1185.79722587942
"log_lik[41]",-1.9262338663,-1.9150692,0.170372351259841,0.17189108727,-2.221587095,-1.665225975,1.00086815029081,2067.77980783381,2761.62904165367
"log_lik[42]",-1.4984151678975,-1.49086465,0.125593141224419,0.12310568949,-1.71879255,-1.30596278,1.00121570057335,1801.98004945139,2108.85686338273
"log_lik[43]",-0.86769849984,-0.867407495,0.0825811909451598,0.080930589831,-1.003210195,-0.7355957265,1.00286011752494,1871.78780763755,2297.1823211992
"log_lik[44]",-1.2074657845075,-1.2034668,0.0977403429622349,0.09100739949,-1.371478245,-1.06060248,1.00329183714837,1144.06762119452,1128.475349523
"log_lik[45]",-1.07772451197,-1.07207945,0.0976553778421049,0.08866726365,-1.24364542,-0.928391026,1.0060232205738,710.81804643906,573.257628814232
"log_lik[46]",-0.8566199910925,-0.85750791,0.0815310121226375,0.079594759818,-0.986612235,-0.722521391,1.0023513211585,2492.74537954007,2610.17487064845
"log_lik[47]",-0.9802315117975,-0.98202963,0.0810913135870354,0.073182722382,-1.106508915,-0.852027718,1.00422521624686,1087.61591389966,800.415652397651
"log_lik[48]",-3.253428746675,-3.2386454,0.294639528305883,0.2862322386,-3.76350461,-2.80517451,1.00076587365912,2557.42112479171,2363.06063200356
"log_lik[49]",-1.301382893655,-1.2936762,0.108365287160728,0.10109664075,-1.48804304,-1.13633499,1.00489670697422,766.527489586136,754.518942517699
"log_lik[50]",-0.87889245153,-0.877404845,0.0835523771331693,0.081246087111,-1.01699139,-0.7471020685,1.00326649344207,1525.85156490547,1791.79496004287
"log_lik[51]",-1.1446392242275,-1.14143915,0.0910647627310567,0.0848296276799999,-1.296397515,-1.00606951,1.00391610963625,1038.06213585348,958.189181838536
"log_lik[52]",-0.8572307525825,-0.85810704,0.0816024924183968,0.079469717334,-0.9876578425,-0.7224096475,1.00239297906772,2481.95165549747,2646.87624425073
"log_lik[53]",-1.02696064648,-1.02777285,0.0830956894828439,0.0748748285879998,-1.15842569,-0.8986827,1.00443240160801,1002.88528510764,788.312748459425
"log_lik[54]",-0.8707291914475,-0.874400025,0.0814448299454683,0.076987370502,-0.996150311,-0.7344587015,1.00235419029041,2046.8659221273,1274.33098167295
"log_lik[55]",-1.6875737847,-1.67802405,0.131840523522256,0.13042839915,-1.91921693,-1.484768955,1.00142516243506,1527.45305191348,2733.9947858458
"log_lik[56]",-0.9159522789675,-0.919094795,0.0807240349217441,0.073281041001,-1.041107205,-0.785601351,1.00334496238943,1429.27491318057,940.873123635042
"log_lik[57]",-0.8695521409425,-0.86941746,0.0827440215270948,0.0815070321240001,-1.006076085,-0.73703257,1.00292404223506,1801.93250796024,2283.77468463528
"log_lik[58]",-0.8559988539575,-0.858911545,0.0811206327619512,0.07873295409,-0.983583588,-0.7209411165,1.00217351020481,2448.58690735099,2445.34388390175
"log_lik[59]",-2.753316334275,-2.7423025,0.236509780807641,0.2360907066,-3.157606015,-2.384240465,1.00167646654911,2303.82808671118,2662.08015228954
"log_lik[60]",-0.942530052335,-0.93816075,0.0887348551819503,0.082938512076,-1.09164737,-0.80512712,1.00493814600598,883.79509045596,1068.05742546822
"log_lik[61]",-0.912838760015,-0.916210265,0.0807087365721389,0.073461162075,-1.03725498,-0.782766023,1.00329339670343,1461.3622223931,944.857031545208
"log_lik[62]",-1.245325435995,-1.2411366,0.101907914473835,0.0951831423900002,-1.417681825,-1.091515475,1.00293746375621,1215.09520858957,1207.532392227
"log_lik[63]",-0.8643645816925,-0.8678734,0.0812826074874055,0.07807230753,-0.9896688955,-0.728590335,1.00218922588096,2219.56965376926,1589.0125977276
"log_lik[64]",-0.860854209355,-0.861315545,0.0819643080139434,0.0801469245360001,-0.9946194775,-0.727432858,1.00256044419125,2250.03449119828,2633.97358833306
"log_lik[65]",-1.518829036025,-1.5087456,0.120549022833912,0.11622153291,-1.73077295,-1.33449669,1.00288014015632,1032.29336822476,1261.73381488198
"log_lik[66]",-1.302920734895,-1.29714165,0.107864204328035,0.1020784926,-1.485286065,-1.14191993,1.00239568254407,1336.9812853424,1358.62093191244
"log_lik[67]",-1.048037727535,-1.04297755,0.0959767778290892,0.088418505609,-1.211416125,-0.901395779,1.00597950497315,730.532152123914,600.235692737232
"log_lik[68]",-1.814385967825,-1.8036951,0.159287830154338,0.15925748202,-2.093347215,-1.567882475,1.00091486251741,2058.57500536975,2791.42538709574
"log_lik[69]",-1.0496239081025,-1.0495439,0.0844402633083654,0.0763303488989999,-1.184099625,-0.9213520425,1.00443949546055,985.709124576057,848.092695647784
"log_lik[70]",-2.052255273775,-2.04460655,0.161260011495524,0.16081732548,-2.332203005,-1.8028957,1.00060569977063,3098.77218246187,3145.76493281499
"log_lik[71]",-0.8920307172175,-0.895571235,0.0809149367199295,0.0745775672879999,-1.016297175,-0.7560328435,1.00280532519547,1696.87364486015,956.129185332483
"log_lik[72]",-1.954954232325,-1.94826995,0.152750835777317,0.15202172685,-2.22419044,-1.71831383,1.00034625688685,2673.18594052787,2999.15992018938
"log_lik[73]",-0.92774342166,-0.92413443,0.0875757204384532,0.0820469579789999,-1.07371434,-0.79245411,1.00462108408903,937.991298581237,1149.42550125771
"log_lik[74]",-2.386045060925,-2.37699655,0.1940212387164,0.19416196317,-2.71921911,-2.083256495,1.00124134552547,3315.12865119827,3145.16070606236
"log_lik[75]",-3.592780457725,-3.5686136,0.360016079330354,0.35473495617,-4.223476185,-3.02681091,1.00456844441937,1152.61503384208,1492.08077046718
"log_lik[76]",-2.355837366875,-2.3463108,0.190829163908843,0.189737365860001,-2.68678909,-2.059354615,1.00119901681487,3366.47394581856,3047.74059908951
"log_lik[77]",-1.818124887875,-1.80948875,0.141592535898741,0.14155901865,-2.071972545,-1.60050963,1.00061892610758,2053.78458256429,2974.48270061689
"log_lik[78]",-1.602136342825,-1.5942975,0.12593653822877,0.12306632646,-1.82122772,-1.40987699,1.00210358153065,1230.89196050623,1757.64161550247
"log_lik[79]",-1.561402976575,-1.55231115,0.123256125050444,0.12013611582,-1.776631825,-1.374223755,1.00246324077341,1125.18649291414,1420.06132544754
"log_lik[80]",-1.22044504708,-1.21300255,0.104523771850361,0.0969088887899998,-1.39946052,-1.062425235,1.00551855557739,734.839930682291,658.802236297991
"log_lik[81]",-2.1154969272,-2.10692895,0.167043597123519,0.16649850042,-2.40517213,-1.856145815,1.00097103115847,3222.83772399567,3124.57117417415
"log_lik[82]",-2.313804931325,-2.30609265,0.186463027819785,0.18568149117,-2.636980195,-2.024454275,1.00106740546255,3422.20067604135,3118.83646551193
"log_lik[83]",-2.360369935275,-2.35100255,0.191305228925178,0.19029400803,-2.6923957,-2.0622632,1.00122312165084,3358.36000018192,3069.60631439664
"log_lik[84]",-3.751970611025,-3.7238033,0.387600983823043,0.38020787742,-4.42688065,-3.14500651,1.00491456620407,1043.61522539046,1267.58706823224
"log_lik[85]",-2.4630059781,-2.4525877,0.202359577963815,0.20126487738,-2.813448135,-2.1509742,1.00125860932462,3123.8476421725,3080.6817500151
"log_lik[86]",-0.8767023671625,-0.875544525,0.0833643149879953,0.081680088609,-1.014454885,-0.744761036,1.0031864197201,1579.9190816192,1846.05367813998
"log_lik[87]",-1.12977545512,-1.1234662,0.100309857810103,0.0918497386800002,-1.301015935,-0.975890536,1.00592870173242,713.658974514932,593.188326392759
"log_lik[88]",-1.395346408025,-1.3872393,0.113275343996486,0.10623666669,-1.592172115,-1.220588505,1.00407129080467,837.250474620096,969.940766936287
"log_lik[89]",-2.1777410894,-2.16988,0.172929476923504,0.17209709454,-2.47730718,-1.909288485,1.00105631865105,3316.34081888133,3048.21542000536
"log_lik[90]",-1.56606592845,-1.55712305,0.123558522554992,0.12031425021,-1.78190298,-1.378381135,1.00241428519983,1136.52943788101,1464.94651434147
"log_lik[91]",-1.20315830773,-1.19560475,0.103729739558562,0.0954190240500001,-1.38091638,-1.04606609,1.00562528466903,731.709062001324,647.000172221365
"log_lik[92]",-3.31475511185,-3.29737405,0.314997656522809,0.30781207464,-3.8669684,-2.815082285,1.00379271654808,1379.82086943847,1768.49372871577
"log_lik[93]",-1.031881800535,-1.03267255,0.0833789737490422,0.07510221495,-1.163489765,-0.90416339,1.00443970317492,999.48912131191,808.837608820947
"log_lik[94]",-1.04305640432,-1.03822065,0.0956805907156455,0.0879816871710001,-1.20476242,-0.897131591,1.00595840914636,732.377576660523,623.065983399725
"log_lik[95]",-1.455904924575,-1.4465826,0.116730978197747,0.11097690954,-1.66128428,-1.277343735,1.00347932859325,917.049234489907,1016.17307096908
"log_lik[96]",-0.9207183791125,-0.91791801,0.0870154866334181,0.082243876911,-1.064994105,-0.7857151975,1.00446225429153,970.425300251304,1185.17482599566
"log_lik[97]",-0.8567975036875,-0.859676625,0.0810843175433611,0.0790376432159999,-0.983712596,-0.722574221,1.00214822322543,2422.28279666336,2310.21807085625
"log_lik[98]",-0.8584345782475,-0.861381995,0.0810763953893266,0.0779609716829999,-0.984830637,-0.7238268035,1.00212054683723,2375.29776909994,2033.48055911102
"log_lik[99]",-0.937404727665,-0.939868865,0.0808262732344556,0.072394349832,-1.06064192,-0.806809922,1.00372508026979,1251.76468950654,845.915889760118
"log_lik[100]",-1.712258459775,-1.7025902,0.133616911828422,0.13260389226,-1.94761543,-1.50688703,1.00125930831832,1627.92052906677,2592.94459971143
"log_lik[101]",-0.9379298877425,-0.94041958,0.0808272043313125,0.0725564721419999,-1.061332755,-0.8075235655,1.00373426181198,1248.15588385686,845.915889760118
"log_lik[102]",-0.895148576375,-0.898935645,0.0808338231592275,0.074114158419,-1.018773645,-0.759804201,1.00288253268936,1662.81063222863,920.090248205855
"log_lik[103]",-1.2341061693675,-1.2300417,0.100658027460548,0.0941829063000002,-1.40345092,-1.08223039,1.00302544523073,1193.63276864453,1179.96007816978
"log_lik[104]",-0.8554541958525,-0.85695023,0.081348285966715,0.0792783729780001,-0.984116669,-0.7213532005,1.00225253344298,2499.42938629131,2628.27542847272
"log_lik[105]",-1.131589421885,-1.1251773,0.100397465729138,0.0919728686100003,-1.302823285,-0.97783399,1.00592854978117,714.112841675071,593.188326392759
"log_lik[106]",-1.0843782298225,-1.0786092,0.0980129681331556,0.0890492555399997,-1.25150738,-0.9349139855,1.00602977718264,707.082680167008,568.423981281134
"log_lik[107]",-0.98607335832,-0.987759245,0.0812367147501808,0.073452533343,-1.1130854,-0.858370607,1.00426779020641,1075.80066158319,813.610739114526
"log_lik[108]",-0.8670786986575,-0.87062444,0.081376419893039,0.0776310264659999,-0.992044853,-0.730559406,1.00224294529841,2142.80702777182,1423.42269357087
"log_lik[109]",-1.1811045517325,-1.1777405,0.0948465900989587,0.0876908974199998,-1.33806453,-1.037812935,1.00357668278531,1098.03950850499,1007.81555934
"log_lik[110]",-1.060807651725,-1.05622275,0.096716403200915,0.0888665843940001,-1.226108595,-0.912629039,1.00599550243012,721.751460043877,597.648003518191
"log_lik[111]",-0.8561191295675,-0.85714518,0.0814652169421012,0.079201574298,-0.985371687,-0.7214056365,1.00230068260795,2500.56867249111,2623.46144571717
"log_lik[112]",-1.18287563282,-1.1756456,0.102799312969913,0.0949613454300001,-1.356801315,-1.026484265,1.00575045651232,726.631638365279,637.55951329375
"log_lik[113]",-2.266073078075,-2.25397385,0.200661091439217,0.20248476066,-2.61917284,-1.963523845,1.00062254203629,2163.75216191099,2523.25774904973
"log_lik[114]",-0.874199551855,-0.873448725,0.0831483757197997,0.0817192589009999,-1.011305865,-0.7421995825,1.0030927624006,1650.47468903058,1993.779370713
"log_lik[115]",-0.9322253575625,-0.93477817,0.0808124671601629,0.072791456829,-1.055411115,-0.8012113965,1.00364236936034,1289.51296638322,895.825336663582
"log_lik[116]",-0.8655457790175,-0.865175815,0.0823905232063265,0.080385415572,-1.00090282,-0.734183934,1.00277318121135,1970.7787160479,2410.1758207754
"log_lik[117]",-2.12327587255,-2.11010045,0.188476387038606,0.1911582897,-2.448770435,-1.840571075,1.00074591503802,2105.11050244443,2620.81892886992
"log_lik[118]",-0.99109723613,-0.9871003,0.0923162085906077,0.086042802195,-1.145999175,-0.8484262145,1.00567754144852,774.913996415147,802.92366931613
"log_lik[119]",-0.9447236050475,-0.94055036,0.0889043816181628,0.082988764803,-1.09424462,-0.806773958,1.00497088721577,877.966117608589,1059.71015456509
"log_lik[120]",-1.372652094075,-1.36489175,0.112038726857059,0.10532753637,-1.568863835,-1.200164905,1.00429657528738,815.35750906006,918.621591407617
"log_lik[121]",-1.33639785017,-1.3291996,0.110873806445179,0.10574177481,-1.52583682,-1.171183575,1.00211560622462,1414.14431153405,1638.85289260258
"log_lik[122]",-1.0205858502075,-1.0165416,0.0942881012469772,0.0867102316500001,-1.179819845,-0.876489118,1.00585933359169,751.768998403871,640.634225417317
"log_lik[123]",-1.17415553231,-1.16701165,0.102397867251293,0.0943958076600002,-1.346641935,-1.018213525,1.00578132350817,725.761928646644,641.04162104618
"log_lik[124]",-0.9806987060375,-0.982541655,0.0811015639850566,0.0731463616170001,-1.106967375,-0.8525246945,1.00422901804349,1086.74064220873,800.415652397651
"log_lik[125]",-3.863913121075,-3.8400041,0.412921921760806,0.39194614053,-4.577513175,-3.24058564,1.00194342920023,1211.79771515854,1601.62672635625
"log_lik[126]",-1.08736196666,-1.0861085,0.0868117942407291,0.0794218441799999,-1.229851915,-0.9559495555,1.00429064026915,982.123509664153,926.923961406379
"log_lik[127]",-0.949181342045,-0.951419845,0.080834796687291,0.0730596443430001,-1.074017755,-0.8195603815,1.0038936748823,1183.88795878797,827.506477891238
"log_lik[128]",-1.2707972637925,-1.2628027,0.106880069202081,0.1000866195,-1.454130155,-1.108522295,1.00516737101957,750.1761959501,765.347054136297
"log_lik[129]",-2.581232570025,-2.56705465,0.226252745975709,0.22424532564,-2.97534279,-2.241246095,1.00044289510612,2422.3032940756,2430.56226327475
"log_lik[130]",-1.3256965642225,-1.3189984,0.109932352618188,0.10494917685,-1.512827175,-1.16118031,1.00220666180948,1388.89267167948,1512.28265397271
"log_lik[131]",-0.9053175104825,-0.90924632,0.0807032964417405,0.0735655371150001,-1.02830849,-0.774342512,1.00311094001446,1547.51602450927,975.760649241592
"log_lik[132]",-1.3602853327575,-1.35282,0.11290800781379,0.10814002857,-1.555403665,-1.191142865,1.00195214596801,1468.92033520374,1688.58058502006
"log_lik[133]",-0.885958322405,-0.884203175,0.0841539687547461,0.0818771706269999,-1.0251839,-0.753183981,1.00353228923368,1364.73763532424,1787.53088737747
"log_lik[134]",-1.046047936475,-1.04090495,0.0958589940465045,0.08812878333,-1.20881916,-0.8998228285,1.00596961998121,731.157132237569,603.72355626115
"log_lik[135]",-1.1919232936625,-1.18467505,0.103214631472049,0.0951487460699998,-1.3675806,-1.03489105,1.00570023053896,728.466359947739,630.253192361223
"log_lik[136]",-0.8902137150625,-0.88830049,0.0845127405204397,0.082331038965,-1.02977048,-0.7578724325,1.00366762767627,1281.29504596948,1747.77735793615
"log_lik[137]",-0.915321799865,-0.912778025,0.086581079583863,0.082295923584,-1.05921176,-0.781526012,1.00433137087067,1000.64583424704,1251.9335612906
"log_lik[138]",-3.13500881355,-3.1207587,0.279031961778027,0.27032445951,-3.622612275,-2.716814165,1.00064182143434,2718.35873668691,2784.52668598305
"log_lik[139]",-1.4122125963875,-1.40396555,0.117239452032113,0.11423610912,-1.61586013,-1.23417698,1.00163584433037,1594.65888396833,1874.89262629829
"log_lik[140]",-1.857421336775,-1.84646375,0.163625751134296,0.16433990895,-2.142665635,-1.604605465,1.00090520492826,2060.06183151127,2791.20115497187
"log_lik[141]",-1.11974162186,-1.11713325,0.0890234245781952,0.0824349321599997,-1.26867031,-0.984429104,1.00411942955661,1005.98855535,1025.01662585146
"log_lik[142]",-1.417284723405,-1.40925345,0.117685395344973,0.1149215151,-1.62160065,-1.238747395,1.00161852432511,1604.28635112693,1875.85098369263
"log_lik[143]",-1.07826464965,-1.0777088,0.0862278112858825,0.07884659538,-1.21863681,-0.947969013,1.0043274007463,979.290914387323,922.521499805018
"log_lik[144]",-0.8794580947175,-0.8828041,0.0813349457017847,0.07628444019,-1.004306765,-0.741417014,1.00256442482435,1869.12354573601,1198.68195318247
"log_lik[145]",-1.37947225689,-1.3724231,0.114489925659676,0.11085133332,-1.57825299,-1.206427555,1.00183849104838,1516.48231216342,1694.06446920379
"log_lik[146]",-4.713180085625,-4.65481085,0.645682324101633,0.64575213801,-5.85701626,-3.760183465,1.0030711379685,910.907346998542,1601.13729353205
"log_lik[147]",-1.536135738625,-1.5282319,0.129559136061448,0.12739952148,-1.76356298,-1.336709185,1.00111136094782,1869.68653234372,2142.83654270733
"log_lik[148]",-0.96100111525,-0.957132025,0.0901410860275021,0.0838188725429999,-1.112406995,-0.820126465,1.00525588989497,825.80762029736,815.389233773525
"log_lik[149]",-0.887185578525,-0.89053267,0.0810721059852377,0.075319200873,-1.01128522,-0.7504212515,1.00272344740055,1756.99539629326,989.103328343529
"log_lik[150]",-0.91894162157,-0.916036005,0.0868728492706506,0.0820101894989999,-1.06332476,-0.78432155,1.00442279986003,980.388348101557,1185.17482599566
"log_lik[151]",-0.97425520746,-0.97024289,0.0911180019500557,0.084965923098,-1.12811065,-0.8331288915,1.00546559513769,794.852693367076,784.766324280186
"x_rep[1]",0.02445192705745,-0.043653132,1.03366077557534,0.9671718075222,-1.53298592,1.7977149,1.00012289886772,3988.04826358508,3913.42263311798
"x_rep[2]",0.0120426633948575,-0.042627761,1.01002440962876,0.949778008074,-1.51058992,1.750827925,1.00229394045929,3931.05338808341,3965.21737993652
"x_rep[3]",-0.00695947947824,-0.0205664385,1.01053379953264,0.940600558401,-1.617394695,1.682988165,1.00026058844449,4285.93188105607,3999.66888694762
"x_rep[4]",0.010345710619355,-0.0437831925,1.01075534798722,0.93858387399,-1.522129875,1.74855157,1.0000214776759,3902.93822231651,3839.94703699727
"x_rep[5]",0.0180224761283875,-0.0256111795,1.0195333150571,0.926954411481,-1.562355965,1.763675225,1.0004626041202,4104.03513234208,3912.73633306536
"x_rep[6]",0.0032735604581225,-0.048701472,1.01837158315347,0.9062563621692,-1.528760125,1.759440575,1.00123631723208,3852.27767905737,3724.99969460138
"x_rep[7]",0.00102710035975775,-0.035091868,1.01993626943953,0.943212425169,-1.61060221,1.706732115,1.00102758548769,3859.79823664487,3816.59019678162
"x_rep[8]",0.0195753836322625,-0.033126268,1.02613247604227,0.9431456073522,-1.53035814,1.787365895,1.00130285747073,4265.03961335691,3851.73010510162
"x_rep[9]",0.0050940466593345,-0.0486061575,1.03024742010114,0.9761539624515,-1.570680705,1.75750867,1.00006218420283,3979.54529822312,3938.90428214653
"x_rep[10]",0.0328086161432225,-0.0068691725,1.04184134375947,0.9486233554875,-1.62503521,1.80229662,0.99990621108251,3801.24166050866,3787.99853827838
"x_rep[11]",0.00771290955458,-0.0375287905,1.02675285188633,0.93936372159,-1.590704125,1.813614165,0.999677635233813,3920.96114922068,3957.21224543458
"x_rep[12]",0.0080284296731125,-0.070336378,1.05752314493559,0.977707301004,-1.61378575,1.836609055,1.00040325132475,4306.68588450609,3889.31993336245
"x_rep[13]",0.01968931596726,-0.0163937465,1.05299652132691,0.9799395354399,-1.575843085,1.80728585,0.999778422008126,3930.99562003492,3835.2914405708
"x_rep[14]",0.010644388179915,-0.038958151,1.03799021988067,0.9488583750156,-1.58798576,1.813041265,1.00008777787275,4089.53970744822,3926.05472681091
"x_rep[15]",0.0089271762179175,-0.0484695485,1.03366884163581,0.968379878928,-1.58720074,1.774815765,0.999798169606762,4129.32657503611,4014.03086855489
"x_rep[16]",0.0434011126561625,-0.00651393955,1.05050652526504,0.95216813785317,-1.548214825,1.84924793,1.00038145964873,3845.94899041821,4052.53741263621
"x_rep[17]",0.0256782482828575,-0.016424024,1.05435990022686,0.971115120255,-1.59324508,1.81802542,1.0004077629245,3950.43013784185,3371.13729121819
"x_rep[18]",-0.02548740237208,-0.080885175,1.01586813822472,0.931664928201,-1.58585452,1.68242106,0.999961131025933,4076.88401321903,3969.4633766742
"x_rep[19]",0.0282245830964375,-0.0286792885,1.05137002588854,0.924059227266,-1.57439556,1.840237665,0.99993964784171,3757.22274948395,3751.63549068819
"x_rep[20]",0.0036660688207875,-0.0311889405,1.04000676206264,0.959543493972,-1.5795835,1.791308835,1.00184871861093,4011.44505684036,3929.73644399853
"x_rep[21]",-0.0101895022701775,-0.062937634,1.03412457187458,0.9680917371006,-1.591416075,1.75657111,1.00054799089378,4217.74000609811,3970.43683066027
"x_rep[22]",0.0110777050491,-0.046715464,1.01936729738704,0.927118008978,-1.514595065,1.742497085,1.00106476905453,3848.97324405759,3997.4137962979
"x_rep[23]",0.00451752278584675,-0.041234462,1.04310486728593,0.9610952246448,-1.5954718,1.78516823,0.999953465755536,3982.93245554063,3954.54979772884
"x_rep[24]",0.002403022244375,-0.0487413745,1.03413864580538,0.9499364616903,-1.605525065,1.753820115,1.00005495983064,4047.29800899093,3669.3791112549
"x_rep[25]",0.0071137155747,-0.039554162,1.0181598908286,0.948542231322,-1.595780035,1.749779205,1.00095009706675,3940.52116148769,3677.11322496741
"x_rep[26]",0.0168125363625925,-0.00532054495,1.04499151648234,0.964424176107,-1.606921795,1.783980885,1.00074311185192,3764.03860799215,4016.11915575241
"x_rep[27]",0.0236493060081652,-0.0195606685,1.06184027392528,0.9630828434241,-1.573426015,1.82949966,0.99971458768982,4315.09943721929,4098.19416266156
"x_rep[28]",0.0136599740953475,-0.0396224985,1.0450310412754,0.979399718556,-1.56669073,1.832455505,0.999646688736709,4044.52169260557,3890.50184187767
"x_rep[29]",0.012185750236735,-0.0372581325,1.02743197851463,0.9334369206015,-1.584232275,1.760262765,1.00018644468665,4365.96942165082,3937.73752501648
"x_rep[30]",-0.02007389324448,-0.0534178355,1.04265289610117,0.9683125844553,-1.61969306,1.800454245,0.999679430271338,3889.14317616842,3775.15915643695
"x_rep[31]",0.0108140275518075,-0.040467364,1.0558218001651,0.9726952471656,-1.635541155,1.77848067,0.999841518730594,3854.03382530767,3686.85679410792
"x_rep[32]",-0.004861670831882,-0.037853661,1.036988986704,0.9712970367576,-1.62841287,1.714388415,0.9997755329724,3975.2456910337,3944.9279092678
"x_rep[33]",0.0321912777029425,0.00732773525,1.03573738071885,0.96479697624765,-1.610300715,1.78277685,1.00072580930031,4050.08455236238,3973.27013671124
"x_rep[34]",0.00287925793785,-0.0448767425,1.01793214166937,0.9280504198245,-1.593870075,1.75477331,0.999580232126069,3801.40857934084,3931.21483716544
"x_rep[35]",0.0192462361233275,-0.0249870225,1.0311812707019,0.9196767543285,-1.607826895,1.797192475,1.0005277922447,4287.94543373758,3794.80945271297
"x_rep[36]",-0.0266787958113725,-0.0768741965,1.04650033131397,0.9616501596009,-1.64324678,1.759614915,1.00070098472945,4057.51723789148,3714.70002184095
"x_rep[37]",-0.0244304794977465,-0.064830906,1.01946869575687,0.9288117223224,-1.61219101,1.74067769,1.00146140051076,3923.25774176974,3889.41846930475
"x_rep[38]",0.0161144399208385,-0.048239577,1.03012555072064,0.908779803708,-1.511187655,1.763027075,1.00144897340627,3763.87192429081,3665.59807645093
"x_rep[39]",-0.0061981562281725,-0.071411843,1.03491655377556,0.9520342539582,-1.615215285,1.769359735,1.00013545136604,3863.4249651835,3998.7857460059
"x_rep[40]",0.01216705829646,-0.0518677475,1.04990599780287,0.943051933719,-1.60438886,1.821054505,1.00056942871947,3868.71051365603,3505.04195375935
"x_rep[41]",-0.0126072631301125,-0.0579250985,1.02351732258993,0.9276579592959,-1.5897063,1.71142401,1.00035244037307,4088.47487080278,3700.35712975824
"x_rep[42]",-0.00312812022487,-0.0407738075,1.01028375539948,0.93784820787,-1.57757903,1.769730925,0.999735709662079,4275.01340748105,4043.33631871787
"x_rep[43]",0.025222935174675,-0.0134377665,1.03342861100314,0.9526730936961,-1.550448225,1.7888945,1.00003159988425,4088.20659226559,4027.76615573753
"x_rep[44]",0.0087255682461925,-0.055597025,1.02386500580077,0.965233794315,-1.50017297,1.82481593,1.00089450616769,3462.11222544434,3894.82362015406
"x_rep[45]",-0.005546826739665,-0.04813278,1.02802077251876,0.954919264572,-1.580945015,1.71174295,0.999840013836634,4028.87193361031,3404.58807692686
"x_rep[46]",-0.00405501462231725,-0.0484927795,1.01320435350551,0.9050320199697,-1.61078599,1.724100015,1.00071852701394,3957.83396420032,3871.85920235055
"x_rep[47]",0.0362099319383134,-0.0109880505,1.03910289113076,0.9457433338227,-1.55176719,1.836213605,0.999739882305939,3833.39837687838,3415.86493367683
"x_rep[48]",0.0107030059456,-0.0217589215,1.03844809123271,0.9514034914251,-1.594772015,1.758857115,1.00017219990803,4011.46757611711,3694.51985028115
"x_rep[49]",0.001095811250545,-0.049611375,1.03436222647027,0.930777006474,-1.584582115,1.77649765,0.999448187555658,3802.19024923734,3784.30831982351
"x_rep[50]",0.0224815076568125,-0.032930418,1.01834134430219,0.9339552086508,-1.549082185,1.759070835,1.00031768446764,4203.89334840835,3971.08843195945
"x_rep[51]",0.01903965545946,-0.046786244,1.04795002917673,0.972982699584,-1.588219655,1.83640171,1.00039344086268,3912.65756723978,4102.62879964473
"x_rep[52]",-0.0129234425681225,-0.0673476695,1.03456954706806,0.9629209687083,-1.60868151,1.73552787,0.999992988758755,3927.09784103933,3833.20792641417
"x_rep[53]",-0.004025497435625,-0.0317449305,1.03035381875328,0.968434231044,-1.566116555,1.73122479,0.99974107115941,4236.52286529137,3608.78807054226
"x_rep[54]",-0.0144684834021375,-0.0449416855,1.0406505384393,0.9738489093753,-1.6251553,1.72788778,1.00020384319136,3939.65534458527,3927.55145437293
"x_rep[55]",0.0206911342079872,-0.01374216,1.01825413438436,0.954125020926,-1.54421869,1.76481801,0.99983324723538,3916.89971729218,3647.25750913206
"x_rep[56]",0.015220646622912,-0.049279835,1.02916194656203,0.969626493486,-1.51735359,1.803544715,1.00079425818176,3916.93813583521,3521.84968547423
"x_rep[57]",0.0240004495060325,-0.011875695,1.03567182822164,0.946172658459,-1.591212875,1.75214774,1.00083557887836,3858.92272019815,3973.69600431122
"x_rep[58]",0.00882880478223,-0.0722472155,1.03353722979726,0.9345020975367,-1.537493285,1.800855205,1.00093784827644,4020.16237925671,3649.91911180728
"x_rep[59]",-0.0046175193532875,-0.0373132605,1.0105568573347,0.92367418122,-1.578317915,1.68758485,1.00030033438537,3948.60207339786,3376.93512872837
"x_rep[60]",0.0231228717121417,-0.0127087305,1.023581715264,0.9626692158153,-1.53246841,1.78246118,0.999970745068784,3833.02823912041,3909.73823287124
"x_rep[61]",0.0127814263745795,-0.0384002125,1.04233134856348,0.964193476134,-1.574493925,1.82491195,1.00003049211016,4144.86287944234,3621.13839569913
"x_rep[62]",0.004849003522735,-0.0455171045,1.0510233244854,0.9395345534337,-1.574546705,1.82512049,0.999863040976143,3966.42219597229,3893.01723859098
"x_rep[63]",0.0156667202959947,-0.0215949165,1.0310545102201,0.977526527586,-1.591691695,1.80844885,1.00013553858466,4117.5587258671,3773.47230593097
"x_rep[64]",0.0150259033544025,-0.0362343455,1.03021736458347,0.9655907591757,-1.56497205,1.80921074,0.999778134925486,4189.26117178506,3891.15919363551
"x_rep[65]",0.0202693511836675,-0.0433677875,1.0419983101123,0.969917431497,-1.54585468,1.86674905,1.00122176635066,4122.81266485086,3968.48795310232
"x_rep[66]",0.0112534127102133,-0.036195706,1.05669092887598,0.989123943696,-1.60454904,1.823392385,1.00002745820816,3990.99906455456,3928.71867258344
"x_rep[67]",0.02156261167583,-0.020118549,1.05669676800812,0.9655738642074,-1.5780559,1.85000525,0.999943373202193,3887.772188588,3901.53835372061
"x_rep[68]",0.003543690566655,-0.035223717,1.01672601807638,0.927435567072,-1.596475155,1.789141705,1.00053203944826,3805.943880714,3786.82456153507
"x_rep[69]",-0.0046517237200025,-0.0638943185,1.03360965674018,0.961631921397,-1.559258715,1.830892775,0.999772324890479,3905.29920066477,3530.42061011211
"x_rep[70]",0.0300548009304,-0.0211326495,1.01940857239077,0.954326913981,-1.546628715,1.782171055,1.00013435563684,4121.11923189702,3851.66448491436
"x_rep[71]",-0.0160416568832125,-0.058963207,1.05077989434108,0.962083269315,-1.64630199,1.783831275,0.999536341308616,3881.62863424016,4009.07409839931
"x_rep[72]",0.0245223733677935,-0.0118467905,1.03255432077839,0.9324756146223,-1.58545118,1.740919995,1.00031464070094,3935.47653014369,3890.04453345398
"x_rep[73]",0.0135426907005075,-0.0198064955,1.01968275492717,0.9629173200297,-1.576044875,1.690362605,1.00011685472845,3983.60029104565,3850.62887420646
"x_rep[74]",0.014722855598475,-0.038166005,1.02324767523664,0.950316614415,-1.57856435,1.72409095,1.0001069802304,3967.32329427107,3774.49736680281
"x_rep[75]",0.0505313868073893,-0.00449126145,1.04475533373821,0.943555276419,-1.53740431,1.883232725,0.99969761046545,4235.06769854384,4058.96349884836
"x_rep[76]",0.002248066187495,-0.0076682465,1.02874811103535,0.9567267192819,-1.63974354,1.737925425,1.0017440350455,3620.95060264408,3678.80309548572
"x_rep[77]",0.00030212397308,-0.032849294,1.02674667632779,0.9788838864336,-1.58630138,1.775287445,1.00056063049389,3781.16269425891,3872.61148038958
"x_rep[78]",0.0311241411290743,0.003450347,1.04469757894789,0.98131529706,-1.570599715,1.80991323,0.999895333052105,4286.61023499951,3891.90005533403
"x_rep[79]",-0.005401264116095,-0.07652016,1.04334336815052,0.952204927905,-1.58679376,1.827409615,1.00083258578733,3988.69239956688,4055.08936336744
"x_rep[80]",-0.0069366707600525,-0.04286673,1.01893158591748,0.951692963886,-1.5838848,1.71243217,1.00011874045475,3927.28481186035,3773.39653109172
"x_rep[81]",0.0007481277136075,-0.0307510405,1.04193710195912,0.9457575593697,-1.602546415,1.78613371,0.999838133462251,4005.81665258142,3872.53295468129
"x_rep[82]",0.0270028529025975,-0.0221609345,1.03608902526258,0.942047590827,-1.615172155,1.805259265,1.0000140952089,3862.17378818841,3758.49500517809
"x_rep[83]",0.0136061146678648,-0.0251781635,1.02628420703434,0.916845570249,-1.57542057,1.763196425,1.00115491141813,4014.16647708717,4013.83944762008
"x_rep[84]",0.0084483527565725,-0.0496180895,1.02434941936919,0.9424240815297,-1.573215965,1.759637645,1.00038341645749,3934.84185635657,3647.51324151577
"x_rep[85]",0.0026665845345075,-0.044509746,1.02528059697131,0.9439857330204,-1.58013234,1.75815934,1.00004230384303,3639.32922908023,3733.30554527236
"x_rep[86]",0.0328351290098702,-0.0344511015,1.02544852848737,0.9328586680539,-1.563822685,1.8264517,1.00111039407079,4043.76592477529,4040.94400989911
"x_rep[87]",0.02837051270718,-0.015143346,1.02968206705035,0.9600398180436,-1.54090155,1.77742058,1.00077110715072,4124.03290412255,3839.98952400426
"x_rep[88]",0.0120419127289175,-0.0284968655,1.04704679005714,0.9686305191297,-1.625638005,1.774867875,0.999771872612786,3931.50445706658,3548.07330232667
"x_rep[89]",0.045192188840575,-0.010824166,1.03073181585224,0.953322415416,-1.54852668,1.779400955,1.00009727106896,3977.28752346334,3862.83581802526
"x_rep[90]",0.01598812839824,-0.040610816,1.02962522420333,0.94243018317,-1.587831925,1.81744567,0.99974668894437,4101.48550656851,4145.98816066803
"x_rep[91]",0.0155041822554328,-0.042600528,1.02005825330857,0.926448059103,-1.562454835,1.785527465,1.00039151875068,4165.20507396401,4213.86930141941
"x_rep[92]",0.010648808017165,-0.053732643,1.03697803915824,0.947224674354,-1.566377195,1.78282832,0.999887560933598,4116.00967470871,3689.36627001056
"x_rep[93]",-0.006163116843895,-0.0716022915,1.03285807242053,0.9208826107299,-1.57916496,1.8195325,1.00055417443063,4014.55756617019,3671.79866008603
"x_rep[94]",0.00078190195527,-0.0493468895,1.01441018485018,0.930669228867,-1.57573814,1.75577801,0.999818968047583,3850.81701213102,4013.80593861078
"x_rep[95]",-0.00711347579193,-0.0602304675,1.02626861793406,0.954798958995,-1.575015935,1.73074371,0.999712789905446,3996.68382163416,3886.65750233457
"x_rep[96]",0.0284790028144075,-0.00792119305,1.0116541940216,0.93885645289107,-1.56277107,1.723841125,0.999999570082987,3791.47831697152,3929.51923328511
"x_rep[97]",0.033781227639975,-0.0126744605,1.04308913488586,0.9530636342577,-1.575624495,1.82670101,1.00020051305603,4025.14898391198,3682.90936340672
"x_rep[98]",0.007013848636665,-0.0297131475,0.999391208880856,0.9196102004145,-1.54984334,1.67471758,1.00020355180087,4234.79245803599,3995.91034555841
"x_rep[99]",0.029490068092265,-0.035210521,1.05238163173345,0.954461015151,-1.59637642,1.86767354,1.00000624706302,3706.72771883271,3824.05601921454
"x_rep[100]",0.0022766769611125,-0.042281761,1.00760783490762,0.9428874600054,-1.570490185,1.70223315,1.00063396240978,3938.3385509466,3868.0421866951
"x_rep[101]",-0.000747634835422499,-0.0595923215,1.03348527102846,0.9245513444601,-1.58155353,1.74496506,1.00112690099609,3894.63000007094,3871.61443963435
"x_rep[102]",0.0178412240324075,-0.0371754025,1.02682510528247,0.957605728359,-1.584313735,1.7208067,1.00069729788805,3967.50084009765,3931.38084786494
"x_rep[103]",0.0211999354566698,-0.0372484115,1.04855005312885,0.9741358829139,-1.57604378,1.85749294,0.999591951321345,3783.06511554796,4017.36114226897
"x_rep[104]",0.0035347158899775,-0.03592483,1.02357268038411,0.968799662292,-1.597920695,1.70795152,0.999869910279991,4038.08595250261,3929.57602425595
"x_rep[105]",0.0304713574653675,-0.00724078985,1.0355958536005,0.95418516237261,-1.597606135,1.82210463,1.00105464431748,4134.76499946954,3574.2827234355
"x_rep[106]",0.007135870087505,-0.0332709615,1.03652686673155,0.9659746176591,-1.59489865,1.787297775,1.00060870022007,3840.76902441081,3623.33543092161
"x_rep[107]",0.00708011128996975,-0.01906326,1.02277459667969,0.940635992541,-1.59358855,1.711275605,1.00014843326982,3840.71481777242,4013.46412134893
"x_rep[108]",-0.003655420431485,-0.0336720145,1.03653410822127,0.9397494503733,-1.59219722,1.770177555,1.00105151463952,3994.12884790229,3617.49498635164
"x_rep[109]",-0.0182572565443025,-0.0665582015,1.04677273725607,0.9545960525829,-1.653194195,1.78361307,0.999821218369952,3670.34257477125,3841.38346468632
"x_rep[110]",0.0099312987655675,-0.0446445775,1.01576217963013,0.9298615639845,-1.52361015,1.730401225,1.00037873723331,3982.71815421395,3751.22562313455
"x_rep[111]",0.046751298957475,0.0094754394,1.05413184490722,0.99910803066144,-1.55448353,1.83414177,0.999878384473427,3938.3828697983,3780.592248101
"x_rep[112]",0.043115045026895,0.010249787,1.04815098233921,0.9768034813572,-1.57297394,1.867512155,1.0003634789984,3927.60716465012,3888.21836876567
"x_rep[113]",0.0207592502150375,0.0053754656,1.03695005834758,0.98426126684844,-1.580217765,1.792355275,0.999750898131651,3927.35240295753,4034.98892769275
"x_rep[114]",0.020440637613135,-0.0271214215,1.02054845648839,0.9568321840329,-1.542511005,1.760176375,1.00022777231755,3983.31934938519,3856.01370663144
"x_rep[115]",0.02408667660462,-0.0238340905,1.01208135687567,0.924392678832,-1.512466525,1.726016705,0.999911632424114,4292.77808759142,4055.61334440568
"x_rep[116]",-0.00125871481235775,-0.062288494,1.02395725396395,0.960980956215,-1.61780115,1.748397195,0.999731229801921,4047.79273852695,4055.332386949
"x_rep[117]",0.007317573415905,-0.0216950225,1.01418157592032,0.937489159215,-1.581256155,1.682229995,1.00031866628559,3800.17710231232,3922.29354220074
"x_rep[118]",-0.00919108490078175,-0.0417222335,1.03588460713543,0.942237482235,-1.60556088,1.73956939,1.00021607105001,4145.99012818315,3972.15879647737
"x_rep[119]",-0.0177322539013675,-0.0696226675,1.03166149732055,0.969407891529,-1.58602112,1.751046995,1.00023330848894,3659.90036249265,3841.64090363084
"x_rep[120]",0.0068158605941125,-0.0508918455,1.01658546580392,0.9613882716543,-1.51995083,1.76198425,1.00055123350475,4034.41883320585,3933.57076565988
"x_rep[121]",0.041573062887535,-0.0204358245,1.05328015914886,0.943482947778,-1.58037118,1.84491523,0.999571528675914,3959.993987081,3931.86461732528
"x_rep[122]",0.02267245688665,-0.029835363,1.03887593593453,0.945199687383,-1.57324055,1.792999515,0.999635738899629,3956.32655458205,3850.87879402558
"x_rep[123]",0.03466332096148,-0.031749666,1.03130483221156,0.965412944286,-1.559417265,1.795261935,0.999616461479386,4145.34082642921,3720.95550859791
"x_rep[124]",-0.0168472302078225,-0.06754592,1.03508049054174,0.907978940253,-1.60072516,1.78734251,1.00040438721077,3484.66275114405,3790.63245973854
"x_rep[125]",-0.0008042499828525,-0.066037585,1.05434960796942,0.975772255962,-1.59870567,1.782454315,0.999639725085046,4005.51668805672,3821.80823945413
"x_rep[126]",0.01286562801595,-0.0362989555,1.01050803826856,0.9480516011757,-1.54959409,1.70221206999999,1.0002344285368,4208.45685488262,3762.6272096533
"x_rep[127]",-0.0068852084052025,-0.0308934045,1.04587933813975,0.9530263320417,-1.620952995,1.777205605,0.99981931817509,3993.34904922526,3775.45021038069
"x_rep[128]",0.0001900810885375,-0.0589753195,1.04180989506017,0.9694394494113,-1.622011435,1.81226721,1.00007920691821,4047.08308491937,3931.77525041763
"x_rep[129]",0.02517248141024,-0.0250757865,1.03760526309525,0.954873311385,-1.554739125,1.831124285,1.00027174176618,4064.31714268217,4096.12381788018
"x_rep[130]",-0.000804355118745,-0.0561774235,1.02920901936174,0.933931578972,-1.555621195,1.783092665,0.999509649652191,3744.78830909018,3874.2050215098
"x_rep[131]",0.0295482907585125,-0.0155522325,1.03117007544188,0.9451390008585,-1.5486427,1.842791695,1.00028578468647,3896.92227282993,3877.85981991676
"x_rep[132]",0.0353805548524925,0.0023586277,1.03803185356917,0.951071932398,-1.544435185,1.792975385,0.999808532106786,3858.7866762947,4142.22910499714
"x_rep[133]",0.0342358234382575,-0.015348163,1.03377131940598,0.9497331193938,-1.547979235,1.81523831,1.00018016420711,4266.06751915409,3804.55265722387
"x_rep[134]",0.0263634617325575,-0.023651888,1.03424373170513,0.9505483477602,-1.557878,1.774822305,1.00017340590592,4346.45445822006,3850.98722569063
"x_rep[135]",0.0154519083316375,-0.0470861,1.00150749257563,0.936730194036,-1.523311965,1.78360225,1.00097404246276,3868.94633996606,3823.26245543423
"x_rep[136]",0.03559991777061,-0.0038032851,1.01230169330926,0.930617278563,-1.547147565,1.737283645,1.00013818157312,4136.71352730704,4140.93684913605
"x_rep[137]",0.0056059077669175,-0.0421456945,1.0469189717351,0.973720797168,-1.590193905,1.80511325,0.999922286319417,3891.57730415734,3891.3446747305
"x_rep[138]",0.01401411525259,-0.0283129825,1.00603113995784,0.915735606933,-1.587506355,1.77850704,0.999811049943596,3729.78295249016,3996.26904077222
"x_rep[139]",0.0246531201970325,-0.0153695475,1.04759082823788,0.9495512110455,-1.61012661,1.829819165,0.999841494569833,3718.67503307873,3746.08622213707
"x_rep[140]",0.0108213143390025,-0.038236904,1.03326738841388,0.9472472158044,-1.53119633,1.791693905,0.999575230903951,3984.59087446292,3933.01717482454
"x_rep[141]",0.00141762384937,-0.0467011415,1.01730952958234,0.9270623395719,-1.546011805,1.771902315,1.00259438379259,3655.2188345413,3960.34203596109
"x_rep[142]",-0.008377160058295,-0.0551573575,1.0473582350838,0.957031302402,-1.627214315,1.786947065,1.00016861555621,3783.68216105023,4058.88864293879
"x_rep[143]",-0.0210582735643586,-0.071264779,1.03747074232949,0.9732412264764,-1.647219985,1.715262515,1.0007725043794,4263.37220563481,3852.39702641757
"x_rep[144]",0.0072797790390775,-0.039201437,1.03204541339481,0.9275125762812,-1.55478947,1.75464523,0.999770359054059,3837.81626807989,3737.04851025391
"x_rep[145]",0.023691764173345,-0.030989175,1.05278627978709,0.941959961754,-1.561955685,1.78122003,1.0002817574917,4079.86295762391,3956.22050233671
"x_rep[146]",0.04916850703449,0.0094871101,1.02824402388212,0.953844520419,-1.497464415,1.798465105,1.00141445636816,3945.26626067238,4008.74722588554
"x_rep[147]",0.0036818386990475,-0.0491868435,1.02475522203646,0.9399970608819,-1.5607062,1.725024225,1.00071973701866,3633.07528544257,3653.71138222268
"x_rep[148]",0.03272243323944,-0.020410279,1.05360015265352,0.9599399426946,-1.616605815,1.837720395,1.00009230911658,4204.13589615508,3851.06020769422
"x_rep[149]",0.043673067794853,-0.00353889295,1.04257072602974,0.942024929286,-1.541047055,1.780509935,1.00010051844548,4092.09200497575,3618.11910648105
"x_rep[150]",-0.00244110092789025,-0.033929315,1.03448224306188,0.95576224128,-1.61357133,1.69330537,1.00009013465694,3919.89854730515,3648.77979468311
"x_rep[151]",0.00457422570263225,-0.0216082745,1.03542545939734,0.9670130262513,-1.591175605,1.777691325,1.00019157810631,3971.58990252964,3951.65930716278
"z_rep[1]",1.3245,1,0.468246263883558,0,1,2,0.999637405106122,2089.05269959646,NA
"z_rep[2]",1.32725,1,0.469268037077591,0,1,2,1.00133200295253,1897.38500040655,NA
"z_rep[3]",1.319,1,0.46614731934318,0,1,2,1.00008888471902,2120.50597298043,NA
"z_rep[4]",1.3265,1,0.46899119201169,0,1,2,1.00049174240456,1825.27813346196,NA
"z_rep[5]",1.32475,1,0.468339911889076,0,1,2,1.0009748584419,1980.46313517608,NA
"z_rep[6]",1.32425,1,0.46815246360806,0,1,2,1.00003629519081,2017.19981049459,NA
"z_rep[7]",1.313,1,0.463772326894133,0,1,2,1.00123574500392,2242.01990982312,NA
"z_rep[8]",1.31825,1,0.465855334624602,0,1,2,0.999461355958783,1804.15328867173,NA
"z_rep[9]",1.31775,1,0.465659905174175,0,1,2,1.00014513819602,2159.25573584295,NA
"z_rep[10]",1.32575,1,0.468712983034518,0,1,2,0.999843633583509,2169.65647265066,NA
"z_rep[11]",1.33375,1,0.471610582616006,0,1,2,1.00058776912319,2390.87939144062,NA
"z_rep[12]",1.321,1,0.46691916149998,0,1,2,1.00115558580587,1974.91170555466,NA
"z_rep[13]",1.31425,1,0.464274514922262,0,1,2,0.999923586734031,1979.81472196523,NA
"z_rep[14]",1.33125,1,0.470721607968077,0,1,2,1.00128129255025,2002.46456220029,NA
"z_rep[15]",1.32475,1,0.468339911889076,0,1,2,1.00019339998394,2075.65328245151,NA
"z_rep[16]",1.32875,1,0.469817645108093,0,1,2,1.00068176113212,2197.5862931794,NA
"z_rep[17]",1.317,1,0.465365599593826,0,1,2,0.999727869449892,2155.4634714966,NA
"z_rep[18]",1.32,1,0.466534472041886,0,1,2,1.00037654243358,2136.77164855901,NA
"z_rep[19]",1.32275,1,0.467586459143326,0,1,2,1.0000977290566,2128.7393538438,NA
"z_rep[20]",1.327,1,0.469175906785373,0,1,2,1.00032721919107,2001.76931587271,NA
"z_rep[21]",1.31875,1,0.466050145568635,0,1,2,0.99998374663834,2193.50063137262,NA
"z_rep[22]",1.3185,1,0.465952817361374,0,1,2,0.999630534372818,2010.36452007313,NA
"z_rep[23]",1.32125,1,0.467014949697341,0,1,2,1.00031837728557,1872.89757667943,NA
"z_rep[24]",1.319,1,0.46614731934318,0,1,2,1.00029710025197,2082.83500230543,NA
"z_rep[25]",1.309,1,0.462138932679638,0,1,2,1.00063102536453,2078.38630549152,NA
"z_rep[26]",1.32825,1,0.469635046359609,0,1,2,1.00076237472465,2294.81807464842,NA
"z_rep[27]",1.32375,1,0.467964405880717,0,1,2,1.00072263525177,2036.94041446045,NA
"z_rep[28]",1.33025,1,0.47036182621668,0,1,2,1.00031388603609,2048.5215425823,NA
"z_rep[29]",1.32425,1,0.46815246360806,0,1,2,1.00125538362424,2082.68666384198,NA
"z_rep[30]",1.32275,1,0.467586459143326,0,1,2,1.00069788818005,2174.03513563056,NA
"z_rep[31]",1.31575,1,0.464871986670522,0,1,2,0.99971469454349,2058.96947626597,NA
"z_rep[32]",1.32525,1,0.468526751455248,0,1,2,1.00024201935515,1849.85564978589,NA
"z_rep[33]",1.33375,1,0.471610582616006,0,1,2,1.00025283799551,1931.71528050728,NA
"z_rep[34]",1.3185,1,0.465952817361374,0,1,2,1.00008649919495,2323.92139072509,NA
"z_rep[35]",1.32,1,0.466534472041886,0,1,2,1.00017652435474,1768.81364977974,NA
"z_rep[36]",1.3125,1,0.463570355359995,0,1,2,1.00218671303375,1666.50296299161,NA
"z_rep[37]",1.312,1,0.463367756128278,0,1,2,1.00024604194061,2096.20151329103,NA
"z_rep[38]",1.31875,1,0.466050145568635,0,1,2,0.999620232323059,2197.93782495271,NA
"z_rep[39]",1.319,1,0.46614731934318,0,1,2,0.999454364646469,2086.22765477216,NA
"z_rep[40]",1.32375,1,0.467964405880717,0,1,2,1.00105272463433,1887.52143361323,NA
"z_rep[41]",1.3245,1,0.468246263883558,0,1,2,1.00125529579329,1705.584923366,NA
"z_rep[42]",1.32875,1,0.469817645108093,0,1,2,0.999763198152189,2166.31966345359,NA
"z_rep[43]",1.32225,1,0.467396568652463,0,1,2,1.00039358856429,2111.34154890248,NA
"z_rep[44]",1.324,1,0.468058510971036,0,1,2,1.00055853672315,2172.289414978,NA
"z_rep[45]",1.32325,1,0.46777573797201,0,1,2,1.00043715397217,2054.78696234252,NA
"z_rep[46]",1.31225,1,0.463469134257722,0,1,2,1.00068955418223,2088.31932751402,NA
"z_rep[47]",1.30775,1,0.461620201900546,0,1,2,0.999923513490225,2242.71720820038,NA
"z_rep[48]",1.33075,1,0.470542017196644,0,1,2,1.00260020776608,1935.67501823107,NA
"z_rep[49]",1.31825,1,0.465855334624602,0,1,2,0.99979339292899,1818.87317359295,NA
"z_rep[50]",1.317,1,0.465365599593826,0,1,2,0.999384631284552,2260.68337205461,NA
"z_rep[51]",1.3315,1,0.470811178490324,0,1,2,0.999916956140279,2078.36430085466,NA
"z_rep[52]",1.3145,1,0.464374483488519,0,1,2,1.00047643462289,2113.76756597608,NA
"z_rep[53]",1.31925,1,0.466244338781568,0,1,2,0.999969760332023,2289.42921953125,NA
"z_rep[54]",1.32225,1,0.467396568652463,0,1,2,0.999853638974348,2146.87471014188,NA
"z_rep[55]",1.3235,1,0.467870148245114,0,1,2,0.999570509107127,2348.63956448735,NA
"z_rep[56]",1.31825,1,0.465855334624602,0,1,2,1.00121689370192,1935.69919079307,NA
"z_rep[57]",1.31925,1,0.466244338781568,0,1,2,1.00038600236169,2101.54057605457,NA
"z_rep[58]",1.32375,1,0.467964405880717,0,1,2,0.999564240721033,1902.70408138723,NA
"z_rep[59]",1.3225,1,0.467491590402196,0,1,2,1.00007672573138,1741.12079507489,NA
"z_rep[60]",1.32875,1,0.469817645108093,0,1,2,1.00057007164187,2024.10439223365,NA
"z_rep[61]",1.3285,1,0.469726421151378,0,1,2,1.00048187092453,2135.36147992534,NA
"z_rep[62]",1.32175,1,0.467206065753613,0,1,2,0.999749490690657,1656.5465687749,NA
"z_rep[63]",1.33,1,0.470271505432985,0,1,2,0.999818799214,2012.91905078564,NA
"z_rep[64]",1.31825,1,0.465855334624602,0,1,2,0.999935778949323,1968.60076337185,NA
"z_rep[65]",1.33625,1,0.472484653652353,0,1,2,1.0005741828546,2063.2937425319,NA
"z_rep[66]",1.32075,1,0.466823219730574,0,1,2,0.999977858840302,2011.61096310812,NA
"z_rep[67]",1.328,1,0.469543520644727,0,1,2,1.0007359128403,2328.11287906918,NA
"z_rep[68]",1.31775,1,0.465659905174175,0,1,2,1.00054939158279,2076.46934523675,NA
"z_rep[69]",1.32725,1,0.469268037077591,0,1,2,1.00085500207302,1787.6826105691,NA
"z_rep[70]",1.33825,1,0.47317323543041,0,1,2,0.999756227303183,1974.02828228289,NA
"z_rep[71]",1.32025,1,0.466630875096578,0,1,2,1.00035607319061,2218.70378656378,NA
"z_rep[72]",1.3235,1,0.467870148245114,0,1,2,1.00070843163705,2035.02875062698,NA
"z_rep[73]",1.329,1,0.469908718317598,0,1,2,1.00042427113963,2268.32445701744,NA
"z_rep[74]",1.3225,1,0.467491590402196,0,1,2,1.00116802587832,2097.92605559231,NA
"z_rep[75]",1.3345,1,0.471874365010527,0,1,2,1.00074645106919,2333.15046240507,NA
"z_rep[76]",1.3235,1,0.467870148245114,0,1,2,0.999614918890242,2345.92935830528,NA
"z_rep[77]",1.31775,1,0.465659905174175,0,1,2,1.00034853490565,1908.49322796,NA
"z_rep[78]",1.33175,1,0.470900599217697,0,1,2,1.00022046423221,2080.03512690514,NA
"z_rep[79]",1.3255,1,0.468619943197887,0,1,2,1.00111051466296,2140.27452140499,NA
"z_rep[80]",1.327,1,0.469175906785373,0,1,2,1.00035324599917,2092.17726240919,NA
"z_rep[81]",1.32475,1,0.468339911889076,0,1,2,0.999356139159331,1741.65109920155,NA
"z_rep[82]",1.32375,1,0.467964405880717,0,1,2,0.99949374718462,2370.94549846455,NA
"z_rep[83]",1.336,1,0.472397914842442,0,1,2,1.00091800545433,2054.05164491303,NA
"z_rep[84]",1.3265,1,0.46899119201169,0,1,2,0.999999564620549,2325.20748241785,NA
"z_rep[85]",1.324,1,0.468058510971036,0,1,2,1.00042249925357,1824.55580951623,NA
"z_rep[86]",1.3145,1,0.464374483488519,0,1,2,1.00037014134671,2158.5570780195,NA
"z_rep[87]",1.33025,1,0.47036182621668,0,1,2,1.00013525715975,1773.12741901847,NA
"z_rep[88]",1.3465,1,0.475914250252499,0,1,2,1.00054219294619,1985.2565446501,NA
"z_rep[89]",1.331,1,0.470631887565429,0,1,2,1.00031641683357,2019.08151838952,NA
"z_rep[90]",1.327,1,0.469175906785373,0,1,2,1.00014247754209,2337.29389888819,NA
"z_rep[91]",1.31975,1,0.466437915034944,0,1,2,0.999381383976773,2227.31236890258,NA
"z_rep[92]",1.32825,1,0.469635046359609,0,1,2,1.00057259514095,1891.56024613157,NA
"z_rep[93]",1.31175,1,0.463266220868573,0,1,2,0.999834292828472,2141.52483537094,NA
"z_rep[94]",1.32825,1,0.469635046359609,0,1,2,1.00090802010863,1890.23569167182,NA
"z_rep[95]",1.33175,1,0.470900599217697,0,1,2,1.00079168781754,2099.95561467848,NA
"z_rep[96]",1.31275,1,0.463671419537935,0,1,2,1.0010736673619,1893.07596246794,NA
"z_rep[97]",1.32325,1,0.46777573797201,0,1,2,1.00024078321519,2140.10952260445,NA
"z_rep[98]",1.31275,1,0.463671419537935,0,1,2,1.00081478699285,1735.89107440358,NA
"z_rep[99]",1.322,1,0.467301393800791,0,1,2,1.00178349228164,1922.02712848287,NA
"z_rep[100]",1.33175,1,0.470900599217697,0,1,2,0.999848702767686,1771.76914782918,NA
"z_rep[101]",1.30925,1,0.462242203248055,0,1,2,1.00014206604884,2385.39460319066,NA
"z_rep[102]",1.33075,1,0.470542017196644,0,1,2,1.00020034126297,1601.15535471643,NA
"z_rep[103]",1.30575,1,0.460781963084902,0,1,2,1.00069046040469,2191.14063261206,NA
"z_rep[104]",1.328,1,0.469543520644727,0,1,2,1.00065268377552,1913.32039318279,NA
"z_rep[105]",1.3345,1,0.471874365010527,0,1,2,0.999622489001857,2170.26543084013,NA
"z_rep[106]",1.33125,1,0.470721607968077,0,1,2,1.00021751711662,1831.84355444021,NA
"z_rep[107]",1.32725,1,0.469268037077591,0,1,2,1.0011990111202,2064.0550809084,NA
"z_rep[108]",1.32675,1,0.469083625126523,0,1,2,1.00079129329551,2098.06346147717,NA
"z_rep[109]",1.3245,1,0.468246263883558,0,1,2,0.999454856219409,2115.19521194662,NA
"z_rep[110]",1.3155,1,0.464772797653175,0,1,2,1.0012201203585,2277.72141437446,NA
"z_rep[111]",1.331,1,0.470631887565429,0,1,2,1.00088843065831,2089.1736360801,NA
"z_rep[112]",1.33,1,0.470271505432985,0,1,2,0.999464510928513,2175.70727100892,NA
"z_rep[113]",1.32075,1,0.466823219730574,0,1,2,1.00064557225508,2265.86555740205,NA
"z_rep[114]",1.32575,1,0.468712983034518,0,1,2,0.99973946364013,2144.37327288292,NA
"z_rep[115]",1.32475,1,0.468339911889076,0,1,2,0.999765421493592,2029.24344009271,NA
"z_rep[116]",1.3185,1,0.465952817361374,0,1,2,0.999986300499326,2278.1031268539,NA
"z_rep[117]",1.31975,1,0.466437915034944,0,1,2,0.999481223142304,1974.91249385179,NA
"z_rep[118]",1.3265,1,0.46899119201169,0,1,2,0.999284513258531,2100.18416112191,NA
"z_rep[119]",1.32,1,0.466534472041886,0,1,2,0.999703196026164,2056.59961392636,NA
"z_rep[120]",1.32825,1,0.469635046359609,0,1,2,1.00161358971575,1809.15667168654,NA
"z_rep[121]",1.3335,1,0.47152235719352,0,1,2,1.00002488906047,2185.15369431355,NA
"z_rep[122]",1.33575,1,0.472311027742029,0,1,2,1.0006138912445,2144.66524831134,NA
"z_rep[123]",1.325,1,0.468433407715938,0,1,2,0.99952548917856,2074.57263193611,NA
"z_rep[124]",1.3215,1,0.467110584417136,0,1,2,1.00110579970684,2057.70622790263,NA
"z_rep[125]",1.325,1,0.468433407715938,0,1,2,1.00097161640859,1909.72951735918,NA
"z_rep[126]",1.31775,1,0.465659905174175,0,1,2,1.00071861231107,2377.05724296551,NA
"z_rep[127]",1.3195,1,0.466341203980125,0,1,2,1.00141379128624,2324.9278701573,NA
"z_rep[128]",1.3185,1,0.465952817361374,0,1,2,1.00018144744012,2231.7216964906,NA
"z_rep[129]",1.325,1,0.468433407715938,0,1,2,0.999859148179012,1703.0783667327,NA
"z_rep[130]",1.327,1,0.469175906785373,0,1,2,0.999591361961083,2000.82156254401,NA
"z_rep[131]",1.324,1,0.468058510971036,0,1,2,1.00062133885535,1942.56734519338,NA
"z_rep[132]",1.336,1,0.472397914842442,0,1,2,1.00038359263543,2032.61136125136,NA
"z_rep[133]",1.3305,1,0.470451996775779,0,1,2,1.00073891526979,1898.88085132433,NA
"z_rep[134]",1.32675,1,0.469083625126523,0,1,2,0.999526467040945,1802.28315447296,NA
"z_rep[135]",1.31525,1,0.464673452926314,0,1,2,0.999857064707314,1958.91059679776,NA
"z_rep[136]",1.32,1,0.466534472041886,0,1,2,1.00096665190686,1834.51037197703,NA
"z_rep[137]",1.3155,1,0.464772797653175,0,1,2,0.999766144518905,2202.84290732716,NA
"z_rep[138]",1.313,1,0.463772326894133,0,1,2,1.00031577326222,2234.24784383315,NA
"z_rep[139]",1.32625,1,0.468898607351306,0,1,2,1.00081749426652,1546.18679249487,NA
"z_rep[140]",1.329,1,0.469908718317598,0,1,2,0.999871893354598,2279.27685732479,NA
"z_rep[141]",1.3185,1,0.465952817361374,0,1,2,0.999817601536421,2191.34351951931,NA
"z_rep[142]",1.314,1,0.464174390144606,0,1,2,1.00089088662041,2292.52407945036,NA
"z_rep[143]",1.32375,1,0.467964405880717,0,1,2,0.999245813151805,1814.23422251116,NA
"z_rep[144]",1.32525,1,0.468526751455248,0,1,2,0.999952496645854,2129.48744411157,NA
"z_rep[145]",1.3265,1,0.46899119201169,0,1,2,1.00047610840063,2019.01009221904,NA
"z_rep[146]",1.321,1,0.46691916149998,0,1,2,1.00152177669991,1844.90817341618,NA
"z_rep[147]",1.32275,1,0.467586459143326,0,1,2,0.999474935961597,2106.43904485196,NA
"z_rep[148]",1.32525,1,0.468526751455248,0,1,2,0.999785659863684,1892.06068695153,NA
"z_rep[149]",1.3305,1,0.470451996775779,0,1,2,1.00147807873923,1923.41958765995,NA
"z_rep[150]",1.31725,1,0.465463856438298,0,1,2,1.0007690339946,1771.18212109025,NA
"z_rep[151]",1.33525,1,0.472136808342082,0,1,2,0.999650498904778,2139.37728346811,NA
